id,first_name,last_name,email,gender,ip_address
1,Ede,Philipp,ephilipp0@hostgator.com,Female,238.247.61.180
2,Fernandina,Lefeuvre,flefeuvre1@domainmarket.com,Female,146.34.219.235
3,Robinette,Jonin,rjonin2@cnn.com,Female,196.209.222.45
4,Ethelred,Stanley,estanley3@illinois.edu,Male,126.63.228.56
5,Jillane,Corneliussen,jcorneliussen4@mit.edu,Female,175.131.63.1
6,Eirena,Lintill,elintill5@foxnews.com,Female,223.250.36.106
7,Chryste,Sein,csein6@mysql.com,Bigender,133.34.14.225
8,Damaris,Gebby,dgebby7@php.net,Female,83.22.30.106
9,Clementius,Jimenez,cjimenez8@umn.edu,Genderqueer,140.149.152.74
10,Cullie,Wones,cwones9@opera.com,Male,164.73.88.204
11,Denny,Suttill,dsuttilla@chicagotribune.com,Male,193.126.141.239
12,Pall,Christoffe,pchristoffeb@photobucket.com,Male,71.80.195.5
13,My,Croyser,mcroyserc@newyorker.com,Male,128.78.50.64
14,Brana,Coulston,bcoulstond@va.gov,Female,241.55.231.227
15,Calypso,Sturr,csturre@google.com.br,Female,230.48.34.123
16,Way,Pettet,wpettetf@goodreads.com,Male,151.72.107.250
17,Florence,Carnall,fcarnallg@oaic.gov.au,Female,51.238.157.134
18,Kelley,Drakers,kdrakersh@pen.io,Male,84.48.19.160
19,Collie,Tynnan,ctynnani@unesco.org,Female,42.69.40.196
20,Verge,Frichley,vfrichleyj@devhub.com,Male,25.249.191.118
21,Rosalind,Gavrieli,rgavrielik@wordpress.org,Female,5.56.166.127
22,Paddy,Viscovi,pviscovil@php.net,Male,126.162.36.134
23,Anica,Glazier,aglazierm@japanpost.jp,Female,97.158.250.227
24,Carey,Colenutt,ccolenuttn@oaic.gov.au,Female,33.207.60.77
25,Yasmin,Hynde,yhyndeo@usgs.gov,Female,209.91.236.175
26,Allen,Izaks,aizaksp@thetimes.co.uk,Male,119.103.45.110
27,Vladamir,Bickley,vbickleyq@eventbrite.com,Male,124.234.60.225
28,Jacquelyn,Tower,jtowerr@cmu.edu,Female,192.24.228.106
29,Morty,Huyche,mhuyches@slate.com,Male,200.127.184.25
30,Guido,Winsborrow,gwinsborrowt@hibu.com,Male,246.121.255.151
31,Killie,Aberchirder,kaberchirderu@ihg.com,Non-binary,85.6.3.150
32,Debbi,Patience,dpatiencev@yahoo.com,Female,66.59.230.247
33,Abner,Andryszczak,aandryszczakw@ed.gov,Male,18.244.157.111
34,Julie,Trematick,jtrematickx@virginia.edu,Female,176.126.133.47
35,Northrup,Laffling,nlafflingy@cdc.gov,Male,130.76.213.7
36,Chickie,Joskowitz,cjoskowitzz@amazon.com,Female,219.166.200.62
37,Abbe,Clerke,aclerke10@fda.gov,Male,150.33.4.176
38,Caye,Robertz,crobertz11@ucla.edu,Female,40.206.73.65
39,Gilbert,Hefforde,ghefforde12@loc.gov,Male,38.179.12.244
40,Renate,Friett,rfriett13@vinaora.com,Female,16.148.54.118
41,Arthur,Ogdahl,aogdahl14@dailymail.co.uk,Genderqueer,175.45.95.234
42,Erasmus,Suggey,esuggey15@pagesperso-orange.fr,Male,36.46.253.201
43,Bevvy,Epperson,bepperson16@typepad.com,Female,217.137.172.189
44,Bartholomew,Towsey,btowsey17@upenn.edu,Male,114.45.200.99
45,Hilton,Blackwell,hblackwell18@google.pl,Male,152.249.178.29
46,Silvester,Cronshaw,scronshaw19@slideshare.net,Male,162.206.73.29
47,Cristobal,Moules,cmoules1a@constantcontact.com,Male,168.115.232.147
48,Delmer,Kitter,dkitter1b@washington.edu,Male,243.158.8.227
49,Nelle,Manuele,nmanuele1c@fema.gov,Female,189.3.82.199
50,Lacy,Hardern,lhardern1d@amazonaws.com,Female,226.170.21.91
